-0.262035,0.461923,0.577991,2.02292,-0.500737,0.508789,-3.09453,1.91594,-0.250265,0.435309,1.61193,1.6256,-1.29567,-0.451475,-1.22926,0.480057,0.27125,0.169748,-0.591017,-0.403006,-0.325578,-1.89142,1.12992,-0.126508,-1.173,-0.714505,-0.497653,0.613457,1.7679,-1.26832,1.03669,-0.352481,2.20297,0.0237417,-0.708737,0.424817,-0.334522,-1.30746,1.03108,-1.16417,0.407891,0.158608,-0.376611,-0.700514,0.424903,-1.14473,2.36819,0.115092,-0.523361,0.848782,-1.40952,-0.882016,0.369024,-0.582676,-0.336107,-0.391138,-0.729242,-1.089,0.148777,0.57161,-0.0568821,0.0311624,-0.466582,1.04077
0.423227,-0.919062,-0.772594,-0.31097,0.518254,1.32702,0.643422,-0.476668,0.836886,-2.15179,0.591561,1.15327,-0.666025,0.878025,-0.364419,0.689795,-0.371451,0.854054,2.28679,-0.0134943,-0.368566,0.26967,1.06661,-0.51903,-0.372058,1.00702,1.40672,2.34802,0.728717,0.409268,-0.2854,-0.361828,1.60161,0.293096,0.402379,1.0927,-0.129392,-0.0780794,1.08743,-0.754301,1.48756,1.76385,-1.02076,1.07337,-1.0623,0.913333,0.375084,-1.38601,0.651218,1.01772,-1.2948,-0.325785,-0.965318,0.0324623,1.07305,0.26508,-0.850411,0.0665191,1.92979,0.000262062,-0.256828,-1.05036,0.0494694,-0.432688
0.295217,-0.204125,0.93404,-0.880136,-1.00657,-0.118185,-1.01037,1.13342,1.88388,1.80045,0.0565,-0.848762,0.901471,0.458478,1.05449,1.5397,1.94234,0.448955,-0.817223,0.699632,1.20501,-1.00751,1.61671,0.939854,1.45962,-0.53271,0.186614,-0.116268,-0.791584,0.656713,-0.00581497,-1.49631,-0.31481,0.947427,-0.873324,0.478929,0.318416,-0.456199,1.38524,1.40179,-1.53837,-0.507034,0.205117,0.971323,-0.173448,2.181,0.688665,1.17538,0.0312522,-1.34125,1.66477,2.02111,0.46535,1.36987,1.68185,0.117061,0.523106,-0.0736714,-1.64619,-1.71406,0.191098,-0.851964,1.04438,-1.70532
-1.30347,0.758442,-0.897896,1.27853,-0.00523558,0.442275,-0.306383,-0.953577,0.314616,0.409094,-2.03249,-0.178357,0.73017,-2.11159,-0.462653,1.35565,0.224518,-0.325156,-2.0768,-0.267132,0.467523,0.0972604,-0.696651,-0.70051,-0.137411,0.281919,1.7204,-0.296067,-0.706563,-1.3035,0.613784,-1.03345,-0.527375,0.741969,-0.376529,-0.216959,-0.0619473,0.948316,-1.35882,-0.507276,1.01652,-1.86689,-2.12853,-0.502898,-0.816426,-0.941625,0.347629,-0.673767,1.77652,-0.484893,-0.832511,-0.453393,0.263275,-1.00249,0.224693,-0.333061,1.23062,-0.0855978,-1.40859,-0.604859,-0.577066,0.860058,-0.601472,0.108214
0.573239,-0.269274,-1.43145,0.211628,-1.26375,0.383897,0.662572,0.651826,0.600742,-0.0230243,-0.900486,0.977056,0.779933,-1.04737,-0.799805,1.0139,1.22134,0.230457,2.34568,-0.37576,-2.09954,0.206556,-0.859751,-0.0461356,0.40155,-0.0894373,-2.05857,-0.16096,0.383562,0.00988292,-0.782594,0.14685,0.0615753,-0.0779987,-0.186106,2.61319,0.187015,-1.6267,0.404115,0.903425,1.13322,0.611893,1.21783,-0.681325,1.7061,-0.0195209,0.437402,0.384073,0.457555,1.18531,-0.761866,0.977834,2.60874,0.840733,1.03279,-0.787449,-0.919984,1.32471,1.998,-0.155367,0.924763,-0.867073,-0.263604,-0.508785
-1.66934,-0.870699,-0.112632,0.311542,0.784865,0.689972,-0.0455858,0.775571,-0.744919,0.0224391,-0.810096,-0.742437,1.23146,-0.181909,1.00788,-0.974796,-0.422915,0.547052,1.32174,1.55099,-0.820538,-0.012279,0.57618,0.384323,-0.453266,-0.246241,0.0957825,-2.5175,-1.43515,-0.364608,0.0738152,0.12584,0.0947851,0.305745,-0.908595,0.976899,1.02918,-1.06728,0.751657,0.15461,0.166799,1.20422,0.193839,-0.263865,0.692895,-0.59096,-0.0801293,1.59827,1.27282,-0.93706,0.0497745,0.460976,-0.538451,-0.117294,-0.256348,0.3242,0.684939,0.562743,1.27193,-1.06522,0.0936797,-0.948499,-0.0369363,-0.25142
1.0588,-1.44734,-0.735354,-1.96818,-1.08151,0.512762,-1.0116,0.121303,2.16386,-1.23585,0.89545,2.09276,1.08749,-2.17745,0.220347,0.465709,0.0357854,0.975084,1.39213,-0.043422,-0.024249,1.23583,0.977569,-0.274435,0.82003,-0.668242,1.27239,-1.29344,0.266158,0.564858,-0.113092,0.635337,-0.514025,1.93458,0.159921,0.707311,0.972717,0.447913,-0.495393,0.992093,0.957598,1.26725,0.55013,-0.00560174,-0.456907,-0.454027,0.266657,-0.716262,-0.307092,0.187477,2.1355,0.813561,0.611681,-1.59594,-1.56555,-0.388386,1.25111,0.490874,0.53328,-2.35904,-1.99821,-0.925082,-0.307325,0.0124852
-0.068901,-1.70532,-0.0427281,0.516576,0.368658,0.410022,-0.391425,-1.25269,-0.949817,0.29902,-0.210961,0.334516,0.506953,1.57223,1.25761,0.114185,0.356666,-1.11152,0.0413475,-2.14346,-0.178527,0.917948,0.160554,0.0301014,-0.911564,1.05886,0.107299,0.196856,1.37887,0.22619,-2.37783,0.912377,0.577264,0.355928,-0.531974,1.42493,0.39901,-0.659529,0.442881,0.0676434,-0.23377,0.188659,0.31961,-2.23124,-0.988451,1.50105,-0.887245,1.61441,1.73242,0.720589,0.973634,-1.297,-1.21498,-0.813401,-0.539646,0.815565,1.55914,-0.373271,-1.20176,0.983319,-0.0775722,-0.200475,-1.54667,0.232295
-0.343321,-0.322664,0.0755872,1.85237,-0.470451,-2.79575,-0.379265,-0.44586,-0.566309,-2.49938,0.0155871,-0.50608,0.541671,1.21563,0.433456,-0.361626,-0.393222,-0.133118,0.234743,-0.430455,-0.0110812,1.56367,1.08039,1.05048,0.0739391,1.08974,-0.821238,0.517958,-0.26937,0.402331,0.0712999,-1.19568,-0.242745,-0.662586,-0.337011,-1.57781,1.26576,0.586275,1.27323,1.47811,0.444644,1.23517,-0.674627,0.632931,0.823836,0.131198,-0.590009,0.453885,-0.945631,-0.52866,-1.32762,-0.0156688,0.586352,0.282026,-0.363004,0.00657136,-0.346244,-1.38241,-0.257501,-0.982896,0.384881,-0.541123,0.518733,1.71013
1.6971,0.535087,-0.139454,0.492397,-0.541192,-0.0605389,-1.02779,-1.3986,-0.129654,0.255548,-0.24189,1.71406,-0.2105,0.656095,1.9057,0.39185,-0.718641,-1.10414,1.67797,-1.89904,-1.19177,-1.11727,-0.659243,1.16112,1.22739,1.1282,-0.0250866,-2.17911,0.908208,3.02948,-1.04811,0.347242,-0.856941,1.80471,0.847498,-1.5229,0.0178779,-0.374021,-1.36562,-0.0184889,0.901475,-0.524588,-0.830523,-0.942561,1.65579,0.511271,-0.912008,2.02108,-0.27101,-1.29754,-2.96422,-0.034015,-0.39858,0.152477,-0.0820591,-1.31985,0.970828,-0.478203,-0.377319,-0.458474,0.087978,1.2504,0.665776,-0.400457
-0.590705,-0.158258,-1.60928,-1.03039,-2.15781,-1.01992,0.238875,1.71831,-0.320958,-0.968678,0.396365,1.13326,2.14105,1.89182,0.906229,-0.09506,-1.19538,-0.142307,-0.242085,-2.5905,2.60122,0.866198,-0.457174,1.14933,0.226145,0.0912207,0.959883,1.18873,0.492006,1.28755,-0.385958,-0.888828,0.952375,-0.256566,-0.319942,-1.38363,0.0809055,-0.948764,0.271958,-0.743599,-0.278457,-3.31699,0.170684,0.253649,0.232547,0.659018,-0.880975,-0.26395,-0.264965,0.917878,0.35783,-1.1812,0.538343,1.0349,-0.912151,-0.406424,-0.472222,-1.18725,1.92603,1.28193,-1.04885,-0.864335,0.58769,0.342525
2.43937,-0.170262,1.15559,0.659326,0.720946,0.556959,0.0352212,-1.26554,-1.40137,0.79075,-1.30093,-0.382231,0.91882,0.717529,-0.236674,0.830552,0.418934,0.822889,0.567514,0.00822966,0.757123,0.911765,0.76427,0.296014,-0.717565,-2.51545,-1.08059,-0.476746,0.566303,-0.529474,0.597537,-1.5836,-1.98383,-0.768682,1.65009,1.10795,0.0282091,0.107078,-0.0637899,-0.737303,-0.817771,-0.813833,-1.16894,-0.842338,0.496992,-0.512354,0.297969,0.48132,0.442343,0.770239,0.236583,1.41823,-0.747973,0.670136,-0.858834,0.701185,1.41074,1.25013,-0.64967,0.878802,-1.48368,0.90233,-0.207911,-1.29312
-0.0148568,-1.1826,1.88236,0.40075,1.97787,1.13267,-0.486852,-0.982023,-1.01762,-0.937799,-0.153432,0.591081,1.08681,-0.703824,1.74668,-1.56531,-0.954678,-0.464537,0.277424,1.53843,-1.00086,0.536995,-0.607285,0.843518,1.04094,0.604101,0.549986,1.46274,-0.0972807,0.974547,1.47551,-0.0535525,1.08359,0.0748416,1.92395,1.19777,0.410628,-0.565121,-0.283976,0.0655772,-2.91825,-0.436956,-0.692273,0.719756,0.894701,-0.987542,-2.3537,1.14147,2.1541,0.821506,0.428842,1.00837,-2.17087,-0.5366,-0.698553,0.328075,-0.0698019,1.24937,-0.881372,-1.25974,-0.510527,-0.31004,1.59857,1.33649
0.334645,0.858539,-0.372634,0.802345,0.128911,-0.68167,0.0550187,0.217405,0.947931,-2.73785,0.452991,1.23761,0.587281,-1.08396,1.14967,-0.0366008,-0.111899,-0.291856,-0.586697,0.136616,0.108956,0.974278,0.529068,2.08334,1.151,-0.79751,0.461776,0.00450436,1.65223,-0.439172,0.126533,1.8022,-0.679155,0.542334,-0.930948,-1.03982,-0.313568,-0.866075,-0.32817,-1.14849,2.06447,-0.378816,-1.19794,1.25116,0.866069,-0.845067,-1.00432,0.608545,-0.422313,-0.831292,-0.671378,0.413035,0.0795031,0.644731,1.85479,-0.49156,1.75041,0.886591,0.355368,0.23671,1.5446,-0.0562034,1.72237,0.994802
0.919321,1.11595,0.173619,0.428413,-0.454379,0.660837,0.438933,1.29805,0.72398,-2.41932,-0.974567,1.05249,2.05839,-0.577113,-0.756538,0.623956,-0.821545,0.255466,-1.48873,1.16191,0.0476315,-0.691282,-0.562417,0.145932,-0.791641,0.603617,1.61317,-0.342317,1.06137,2.53726,0.700557,-1.71195,1.15452,0.452896,1.34439,1.21966,0.586345,0.216488,-0.92943,-0.379831,-0.408711,1.16076,0.247045,0.402953,-0.297258,0.543682,1.36537,0.495241,1.14508,-1.51272,-1.36297,0.434827,1.20934,-0.939896,-1.31195,2.11177,-0.244971,0.432469,1.09133,-0.0832894,-0.179534,-0.314223,-0.193592,1.16159
0.145766,-0.0178273,-1.78638,0.139068,1.78712,0.438061,0.301829,-0.137478,1.3491,1.15919,0.756948,0.359214,2.24676,1.21165,0.635669,-0.769457,-0.947031,-0.537115,-0.35004,0.168894,0.477094,1.65659,1.46692,1.05492,0.112223,-0.15984,-0.36432,1.08595,-0.499781,0.714675,0.00844113,0.452598,-1.15533,-0.416342,-0.550419,-0.595088,-0.769604,-1.6077,0.88251,-0.182472,0.470282,0.951899,0.362173,1.29668,-0.316341,-0.89613,0.794188,-0.620061,-0.968615,1.66455,-0.573849,-0.228317,-0.365439,-1.18585,-1.65611,-1.2626,1.3812,-1.18219,-0.337008,2.62043,0.504621,-0.294439,0.474346,-0.611457
-0.0608007,-1.17243,-0.261916,0.541046,1.11114,1.05888,-1.15653,-0.0371634,1.4578,1.22092,0.653588,0.673849,-0.919161,1.12515,-0.153827,0.397008,0.750533,0.827803,-0.56256,-0.00425058,0.508556,-1.17,1.94421,-0.154352,-0.363575,0.310673,0.176869,0.162334,0.521101,-0.139478,-0.347584,2.24086,1.396,0.785931,-1.28491,0.266761,-0.224948,-3.6281,-0.55849,-1.75436,1.19028,1.114,-0.417278,1.09909,-0.81831,1.29028,0.778605,0.704953,0.476386,-0.0743436,-0.937846,0.871973,2.01307,-0.0953775,0.0180727,-0.0382543,-0.306917,0.295979,0.888703,0.814784,-1.63434,-0.783572,-1.18335,0.0675157
2.23651,0.668729,1.14506,0.800778,2.7697,-0.0131084,-2.09597,1.13421,-1.05628,0.16731,-0.828407,-0.60004,1.10087,0.00176574,0.366369,1.09371,-1.3491,0.275083,0.269108,0.0858261,-0.377565,0.916276,0.414586,-0.344046,0.353692,0.630649,0.81695,0.242908,-0.66272,-0.332804,-1.62846,0.239707,-0.784996,-0.357649,-0.588356,0.252685,-1.29197,1.55487,0.0503041,-2.22986,-0.804373,0.970088,-1.05383,0.401895,0.176123,-1.31957,-1.59695,-1.72722,-1.01771,0.503394,-0.978235,0.763519,0.164524,-1.00015,0.392702,0.668579,0.910522,0.578447,-0.0128441,0.866078,-0.928287,0.924901,0.0990197,1.01369
1.24927,-0.53349,0.052881,-1.36643,-0.641246,1.16638,0.884769,1.43785,1.42559,0.127807,-0.192851,-0.729369,-1.27484,-1.68903,-0.490431,-0.19153,0.978901,-0.448485,0.275314,-1.03944,0.476134,0.828269,0.12609,-1.03106,-1.00986,-1.44384,0.896516,-0.319985,-0.513761,-0.162585,-0.376773,0.263733,-0.0205264,1.11025,0.0265581,0.0753359,-0.102412,1.50798,1.38962,0.78142,-0.790926,0.631362,1.15501,-0.803286,-1.83694,2.2108,-0.137798,0.414295,1.44949,0.123338,-2.38906,2.44149,-1.28187,-1.06177,0.3356,-1.70352,1.72965,-0.666391,0.595476,0.761472,1.04651,-0.956854,0.429829,-1.06325
-0.732301,-0.772744,-0.233017,1.04565,0.248195,-0.00292177,-0.50749,0.361919,-0.956319,-0.70149,0.668524,2.30059,0.884736,-0.885362,0.0159088,0.991484,-0.0874508,2.24233,0.51033,0.217214,0.394407,0.0285332,0.364325,-0.943176,0.685553,-0.31403,-1.41912,-0.882402,-1.34927,0.935583,-1.96644,1.24687,-1.34898,-0.484223,-0.434783,0.684227,0.685491,2.21513,1.80855,1.51768,0.646322,-1.12838,0.352384,1.93104,1.26464,0.810818,1.75823,0.113453,2.71349,0.634243,-0.559683,-0.00321201,0.290178,-0.563109,-1.23416,0.362884,0.363169,0.973172,-0.325755,0.898579,-0.0150087,-0.499142,-1.0133,0.577462
1.18201,-0.319189,-1.10858,-1.76122,1.53579,1.16862,-0.61158,2.41854,-1.30309,-0.0481504,-0.968126,-0.635746,0.646981,-0.920862,0.103842,-1.35621,-0.557473,0.760367,-1.53328,-0.300629,1.14235,1.82573,-1.23158,-1.54948,1.06246,-1.64459,1.20001,-1.73198,-0.224959,-0.669222,1.0859,-0.333314,-0.321721,-0.889674,0.816267,-1.69208,-1.61064,-0.515398,1.29577,1.52915,0.595733,1.00162,-0.564171,0.412817,-0.0848746,-0.716168,0.490106,-0.12039,1.23409,-0.821802,0.412533,1.13215,0.135029,1.38184,0.0656549,-0.948043,0.568612,-1.38562,1.13084,0.145256,0.658399,0.256379,-0.462154,-0.0317968
0.331018,-0.938832,-1.05465,-1.86488,0.635808,0.650914,0.0956902,0.891636,-0.487144,0.395726,-0.959354,-0.0744982,-0.191586,-0.229655,2.40591,0.062658,-0.0541375,0.545644,-1.03249,1.18132,-1.03811,-0.597599,2.2927,0.73094,0.845015,0.684392,-1.16637,0.390963,0.433481,-0.0337631,0.174988,-1.3951,0.239978,1.50106,0.53665,-1.77008,-1.00988,1.64548,0.159975,-0.984369,-0.231943,-0.17515,-0.961716,-0.554669,-0.666015,-1.34167,2.35595,0.330103,1.98966,-0.595191,-1.14394,0.146384,-0.859374,0.351568,-1.48132,-1.03326,0.394635,-0.0717908,-0.140864,-0.437101,-2.08074,1.13565,-0.683872,-0.508075
-2.21518,-0.204967,-1.14882,0.235309,2.65163,0.697873,-2.38977,1.71944,-1.24798,-0.013924,0.483906,0.00480867,0.156748,-2.57358,-0.107527,-0.366814,-1.21941,1.1523,1.2682,0.899069,0.713692,-0.0849914,2.48121,-0.439296,-0.0760631,-0.540547,0.937812,-0.0722831,-1.71419,-0.302564,0.565705,-0.00804592,0.342438,0.597333,-0.738667,-1.19833,0.958382,-0.519769,-0.0586912,-0.0280468,1.14476,0.899022,-1.22509,-1.69198,1.11721,0.934488,0.0885555,0.460957,-0.452811,-0.208266,-1.83308,0.126177,1.0036,1.2027,1.24761,-0.289065,0.755968,1.22678,-1.36605,-0.40166,-0.191659,0.720392,-1.95632,-0.6332
-0.33057,1.65452,-0.219696,-1.53418,0.334442,0.0258526,1.0052,0.127327,-0.762623,0.63858,0.334223,-0.0305682,0.238016,-0.239053,0.601419,-0.866438,0.501149,-0.11162,-0.836607,1.76626,-0.0120845,-1.12146,-0.0478081,-1.28677,-1.15361,-1.53888,0.0259042,-0.0753183,0.0343362,0.574881,0.165978,2.1494,1.27889,2.24718,1.08025,-0.165545,2.17172,-1.00939,-1.37163,-0.915395,0.0966502,-0.411143,0.0178499,-1.30868,1.63638,0.738242,0.189232,1.00142,-1.91416,1.37713,-0.683596,0.647521,-0.999804,0.0602204,-0.232631,0.867633,0.514463,0.401193,-0.843093,1.43886,-0.257371,-0.661572,0.744703,-0.0265083
0.644541,-0.197254,-1.54394,-1.77517,0.726919,-0.0274723,0.304283,-1.12201,-0.039351,0.0897764,-0.362399,0.394231,-1.20925,-1.0971,-0.870978,0.961736,1.41651,1.37048,-1.08452,0.740017,-0.22589,-0.0671929,0.508645,0.534579,-0.40228,-1.41914,-2.11398,1.90522,0.857573,0.62171,-0.569733,0.763047,-0.604972,1.29079,-0.945997,-1.25481,-0.363743,-3.4886,0.310872,-0.819876,-0.677806,-0.0859287,0.0501459,-1.47882,1.23304,-1.13406,-0.489861,0.498837,0.309472,0.840094,-0.355004,1.17282,-0.866016,-2.80502,-0.152361,2.47483,0.519561,-0.579886,-1.54479,-0.483208,0.251494,0.274631,-1.14086,0.279338
-0.277755,0.27427,0.831775,1.53399,-0.0332655,-1.20433,0.764762,-0.179992,-0.328083,-1.30771,0.370872,-0.206291,-0.716875,0.122447,1.26204,-0.474422,0.404363,-1.4917,-0.423679,-0.156166,-1.26788,1.02927,0.305634,-0.798027,-0.672661,0.738051,-0.518406,1.60271,0.05273,-0.417508,-0.0596837,-0.211391,1.56193,0.146396,0.73406,0.355393,-1.35241,-1.32276,2.37905,0.245242,-0.732916,0.915057,1.61771,-0.336204,0.770673,-0.295015,0.980707,-1.37523,-0.380616,-0.378764,0.181324,-0.335978,-0.783045,0.13102,0.454947,0.994521,-1.9807,0.0538541,0.336164,0.0661262,0.594815,1.30431,0.904019,-0.673409
-0.49765,0.1573,0.903381,-0.760372,0.302305,0.970009,-0.726597,0.267079,0.248626,0.414363,0.55454,1.4023,-0.034936,2.06294,0.737707,1.21771,-0.68638,0.502484,-1.1903,0.294814,-0.566402,-1.28611,0.115947,0.55067,-0.615279,-0.37831,1.40814,1.61045,0.384125,1.01507,0.581997,0.362677,-0.163551,0.0507239,-1.95363,-0.312812,0.493116,0.462955,0.450772,-0.915899,0.246432,-0.744542,-0.0108876,0.723987,-0.333731,1.4007,0.245951,-1.29076,-0.937868,-1.44642,0.168737,-0.525153,-0.677377,-1.42196,-0.725878,-0.728596,-1.31753,0.184827,-1.78837,-0.588641,0.748162,0.736166,-0.206041,0.246561
0.288479,0.677213,0.455288,-1.09322,-1.5779,0.63736,-0.257507,0.31545,1.26483,-0.100788,-0.230751,-0.0869864,-0.421174,1.13925,0.07412,1.37355,0.688703,0.382741,0.330508,-0.140865,0.662823,0.3946,0.541643,1.21434,-0.0504547,1.07839,-0.426156,-1.10746,-0.117376,0.557737,0.978826,1.55763,-0.743508,2.1038,0.705183,-1.63113,1.7023,-0.282162,-0.238588,0.513044,0.115757,-0.325536,0.951905,0.576857,-0.781796,-0.0356837,1.37516,0.745449,0.383781,0.0746621,0.464706,0.307308,0.372645,0.19952,0.336523,0.0654331,0.188012,0.182555,-1.585,0.30519,-0.835992,-0.275481,-1.40285,1.73184
-1.00152,0.299337,-0.574401,1.93541,-1.31922,-0.00613575,-0.623765,1.25844,-1.13031,0.21321,-0.837008,1.86753,-0.771927,1.93795,-1.01366,-1.56837,-0.0373867,0.394763,-0.252783,0.60128,-0.5126,0.129445,-0.315669,-0.405423,-1.43035,-0.714129,-2.01353,0.0570046,0.633713,-0.235386,-0.547753,0.357439,0.295168,2.07653,-1.13551,0.245279,-0.348433,-0.209616,0.20013,-0.631437,-0.131756,0.82998,0.935742,0.521202,-1.00335,1.21759,-0.48664,0.292424,0.0472418,-2.0016,-0.493847,-0.799641,1.05435,-0.854258,-1.22584,-0.273125,0.683122,0.753518,-1.38348,1.82418,1.76431,0.222155,1.20305,-0.261323
0.68392,-0.0937274,0.842412,-0.456629,-0.07396,0.609685,1.31315,-1.55617,-1.41852,-1.33385,1.44195,-0.981723,-0.441005,0.0410979,0.149884,0.730192,-1.16882,0.140991,0.766925,0.628056,0.119384,-0.299905,-2.43946,0.409026,-1.40529,2.69761,0.217382,-0.459906,-0.873381,0.482427,-0.654891,0.0040085,-1.21677,-0.178412,-0.0729006,0.306454,-0.154914,-0.565204,-0.637375,0.50228,1.4452,-1.56733,-0.383456,-0.045489,0.870921,-1.01044,-1.71,0.444495,-0.657716,0.0586918,-2.23335,-0.697644,0.408565,1.2681,1.46565,-0.231451,0.697866,-1.03714,0.69669,1.73991,0.267388,-1.48084,0.75767,-0.0736734
-0.637839,-1.54557,-1.85839,0.022047,1.20146,-0.589983,-1.76445,0.156553,-0.114014,2.87191,0.913013,-0.980692,-0.249184,0.74195,-0.126734,0.625429,-1.54081,-1.71639,-0.687831,-0.0536418,2.09656,0.474292,0.894945,-0.377372,-0.471258,-1.05621,0.357518,2.45033,-1.46094,0.376457,0.208939,-0.200442,-0.658381,0.296535,-0.0348306,0.458661,0.663329,-0.994289,-0.241958,2.09508,-1.68544,-0.19253,1.37081,1.44749,1.74617,0.434882,-0.15693,0.687367,2.4689,-1.27763,-1.30625,1.14822,1.16029,-0.32951,1.52641,-1.59728,-0.704745,0.619475,0.0770996,-1.09567,-1.18854,-1.47262,0.381859,2.16869
-0.369035,-1.27414,0.118638,1.19185,-0.183067,-0.709374,-0.186649,0.639648,0.540438,0.245017,-0.761864,0.657718,-1.43891,-0.0898321,1.0515,-0.70386,0.916071,-0.382214,-0.54372,0.297387,-0.0534774,0.947024,0.500877,-1.18382,0.278751,-0.497636,-0.513112,-0.608742,-1.1451,-0.989323,-0.136416,0.169923,0.509341,-0.704558,1.91927,-0.21674,-0.154896,0.343009,-1.19667,0.493878,-0.136425,1.26637,-0.432985,0.801657,0.0136612,-0.503708,-0.812502,0.864378,-0.854275,0.385453,1.33954,0.427043,-0.749207,-1.38133,-0.0347512,-0.554006,-0.25668,-0.0252788,0.516948,-0.763514,1.78078,-2.66737,0.14637,-0.0405734
-0.622731,1.82167,-0.367426,0.465673,-1.53005,-1.3474,-1.23094,0.36526,-1.67076,1.29035,0.877667,0.790224,-1.18691,0.418927,-0.610294,-0.412731,-0.20004,0.951767,-0.3332,1.30748,0.512878,-1.42526,1.51901,-0.170849,-0.0583242,1.64976,0.209661,0.531029,0.986205,0.521841,-0.153146,-0.53079,0.201413,0.103559,1.83715,0.0928525,-0.0690416,-0.394011,-0.133019,1.1639,-0.16828,-1.22139,-0.273101,0.671359,1.08031,1.33129,0.415426,-1.39841,-1.612,0.522411,-0.332292,-0.391623,0.235104,0.309993,0.244306,1.87428,-1.20433,0.978622,-0.214508,1.34613,1.23107,0.164158,0.0307155,1.02771
-1.73943,0.0397468,-0.287249,-0.407827,0.849385,-1.20812,0.251102,0.916296,-0.438277,-0.332821,-1.66017,-1.18728,0.464355,-0.130546,1.3258,2.7171,1.76965,-0.50536,1.39434,-1.41202,2.17005,-1.56213,-1.31921,-0.145552,0.0340413,-0.468987,0.149444,0.0403123,-0.169942,-0.00837335,-0.26122,0.985701,1.66499,1.18682,-0.775063,0.465328,1.15641,-0.721307,-0.814033,-0.735678,0.602725,0.681341,0.550608,1.15588,-1.99015,-0.441407,1.32396,0.300471,0.475312,1.16565,-0.0735917,0.0600097,-1.341,0.557059,-1.25669,-0.154442,-0.105248,-0.272616,-0.722988,0.152656,-0.944012,0.529689,-0.214856,0.193284
-1.849,0.605851,-1.2464,-0.18972,-1.51543,0.219718,0.503065,-1.29857,-0.955796,-1.32234,-1.41627,-0.0297603,-0.380213,1.64583,-0.304624,-1.2653,-0.410169,0.890841,0.660534,-1.18732,0.970817,-1.21953,-0.924483,-0.172256,1.03417,-0.184969,-0.791601,-1.0519,-0.0933948,-1.87237,0.398427,-0.270446,0.951513,0.791371,0.0640815,-1.58252,-0.841142,-0.534609,-1.2217,1.83597,-1.41936,-0.239151,-0.097536,-0.026905,0.947162,-1.47866,0.0262999,-1.6862,1.12962,0.617842,0.95863,-1.20758,-0.766439,-0.595071,-0.24212,-1.20256,0.122198,-1.27892,-0.321633,0.0540458,-1.49092,0.566134,-2.3006,-1.74347
-0.420614,-0.695353,-0.158977,-1.96318,-0.193282,-0.0542508,-1.66933,0.495977,0.809041,-0.170549,0.185867,1.37453,-0.657489,-1.55555,-0.974528,0.147039,1.83702,0.348337,1.16243,-0.594664,-0.332415,-0.289789,0.173341,-2.2468,1.10577,0.637527,-0.226604,-0.58393,-1.3153,-1.01612,-1.48494,0.288725,-0.984099,-0.132176,-0.88207,-0.323351,0.492539,-0.323172,-1.49622,1.47587,-2.1175,-0.0903171,1.96754,0.12885,1.45361,-1.04927,-0.13943,-1.28896,0.940361,0.496168,0.962142,0.0716318,0.474574,-1.00631,-1.93197,-0.792206,0.255456,0.948832,1.57149,0.946026,-1.12309,-0.535689,-0.619857,0.775713
-1.361,1.27934,1.79344,-1.86059,-0.149224,-0.660062,-0.569665,-1.56752,-0.292891,0.247825,-0.353627,-0.850985,-0.74641,-1.24052,-0.335747,-0.851645,-0.58358,0.79921,0.313212,-0.266755,-0.21973,-0.725297,-1.20603,-0.108151,-1.02515,1.11113,-0.449955,0.286587,1.09557,0.0417384,0.943361,0.808042,0.877437,-0.0347414,-0.923355,0.133325,-0.576613,-0.406494,0.0126686,-0.478691,0.00835649,0.50995,-0.155817,0.299915,1.2454,-2.47983,0.269855,-0.742081,1.26757,0.0426071,-0.618498,0.77167,0.303787,-0.806079,0.19904,0.152006,1.09807,1.48496,-1.26262,-1.02492,-1.02136,1.73841,2.10849,1.27461
-0.427174,-0.997711,-0.782833,1.48803,-0.368785,0.992462,0.182188,2.57905,1.27934,0.000904677,-0.548071,0.182561,-0.00459513,-0.762435,1.18189,-0.717795,1.19618,-0.864581,1.30666,0.548551,-0.685795,-2.17832,0.806061,-1.22435,-0.153646,-0.284846,0.574422,0.0467109,-0.921753,-0.746501,-0.323585,-0.8208,0.418758,1.35176,0.656714,0.0815989,-0.232824,-0.15023,-0.793806,-0.216804,0.0727331,-0.419415,-1.00689,1.25174,0.609289,-0.292334,-0.187638,-1.33341,0.300808,-0.905847,-0.127939,1.21123,-0.589581,-1.35439,1.80638,-0.52669,-0.160065,0.0761648,-0.784452,1.94372,-1.22559,1.17214,1.54506,0.435164
0.633698,1.3972,-0.616184,0.984852,-0.163997,-0.359256,2.16933,-0.116623,-0.500743,-1.45434,0.122271,-2.47359,-0.918529,-1.42461,2.54375,0.934232,0.131026,-0.841434,-0.954918,-0.17909,0.125221,1.67088,0.0835654,-0.0032643,-1.02369,0.663217,-0.439327,2.42844,-0.0424209,1.04755,1.55839,0.627223,0.0656372,-0.514961,-0.623282,0.692878,0.560625,0.9291,-0.0293143,0.310703,0.960903,0.741152,-0.589941,0.560772,-1.33935,-1.28613,-0.0648879,-0.246756,0.420347,0.642457,0.244514,-0.321275,0.405425,0.410313,0.451747,-0.503978,-0.54109,-0.0844792,-0.614843,-1.6928,1.96657,-1.55802,-0.945805,-0.168002
0.806534,1.9077,0.514674,-0.822121,-0.677024,0.411831,0.355495,-2.96198,0.926594,0.522765,0.901701,0.554509,-1.28405,-0.293851,-0.537426,-0.695594,-0.116672,-0.137117,-1.67884,2.18591,2.74032,0.595371,-0.151663,-1.7368,0.769612,0.236191,-1.53767,0.583297,1.86066,-1.08891,0.751199,-0.685535,-0.144593,-0.547829,-0.789993,-1.26879,-0.805382,0.0856687,-0.768264,-0.804167,0.238097,-1.26145,0.63507,-0.1138,0.0510713,-0.283528,1.73834,0.463731,-1.595,0.734143,-1.02952,1.03097,-0.979901,1.822,-0.583861,1.21054,0.0588712,-1.00562,-0.38766,0.249764,-0.707787,1.29789,-1.22695,1.91061
0.526991,0.490142,-0.475551,0.127215,-0.377433,1.56368,0.808146,0.339746,-0.883382,-1.15634,1.09513,0.456809,0.122844,-1.67465,0.0856444,-0.162789,-0.604861,-3.10885,-0.902687,-0.9117,0.744699,0.737149,-1.25061,1.05849,1.07107,1.48078,1.87872,-2.42078,-0.10028,-0.288025,0.220746,2.15915,1.35558,0.430206,0.950493,1.97074,0.485023,-0.473666,-0.879986,0.983285,1.60546,0.42304,0.445173,0.715979,-0.230041,1.16044,0.248759,-0.185632,0.704791,-1.01192,-1.07923,2.10809,-1.24967,0.0266304,-0.987467,0.365816,-1.60684,-1.42278,0.888522,0.42798,1.06038,-0.283701,0.724914,0.113062
-1.36857,0.513783,2.45207,-0.426634,2.37137,0.155154,0.538048,0.329036,-0.0743671,-1.24633,0.358793,-1.03764,1.53832,-0.749281,0.633667,-1.28441,0.0701928,-0.354025,-0.438845,-1.48181,1.16366,0.291325,-0.175808,-0.385216,0.200159,-0.4632,0.913357,-0.508321,0.380636,0.228281,0.0556043,-1.32734,1.05888,0.421911,1.48815,0.10081,0.306851,0.624366,-0.887077,1.98403,-0.361279,0.0579989,-0.21633,-0.108519,-0.596508,0.2626,1.11792,-0.813737,0.311949,-1.639,0.446888,0.942558,1.0656,-0.186282,-0.193598,-1.63222,-0.141199,1.2957,-1.04818,-0.636431,0.108865,-0.866368,-1.04589,0.926302
0.437153,-0.319798,2.30918,-0.02616,-0.830835,1.2939,0.580935,-0.698801,0.215688,-2.35247,-0.959286,1.05067,2.67554,-0.295971,2.51292,0.276355,1.25508,-0.914983,0.970561,0.258166,1.71586,-0.621751,0.549846,-0.118306,1.69739,0.364854,-1.86191,-0.894134,-0.424914,0.543128,-1.07723,0.797753,-1.2173,0.329988,1.57713,0.337816,1.57069,-0.106648,-0.214644,1.70363,0.183423,-0.433016,1.27075,1.80492,-1.06993,1.61327,-0.977853,-0.595663,-0.755774,3.50828,-0.386878,1.13505,-1.94654,0.964206,0.312866,0.825998,1.22222,-0.368534,-0.669983,0.806358,-0.581166,-0.424168,-1.03142,0.153014
0.506598,2.03198,1.23325,2.36144,-0.98261,0.157819,0.23841,-1.95177,1.52798,-0.301625,1.03477,0.20211,-0.384673,0.35363,0.0409682,0.323143,-1.9167,-0.126504,1.07916,-0.218938,-0.177924,0.650864,1.19621,0.154075,-1.5422,1.25941,0.207529,-1.54125,0.987799,-1.34876,-0.0971619,-1.22432,-2.76066,-1.67833,0.0217244,-0.937327,0.647543,0.715618,0.324473,0.210209,1.96701,0.757507,0.69028,-0.0867568,0.631617,-0.998445,-0.828062,1.14758,-0.991908,0.895016,1.20379,1.38716,-2.21328,1.39639,-0.846436,0.805847,-1.51273,-1.37615,-0.458782,-0.0975018,2.36577,0.754681,1.8878,-0.139881
-2.3,0.175553,0.433017,0.883575,-0.0483768,0.748097,0.173621,-0.9919,-0.0210602,-0.407968,0.156314,-1.97911,0.209383,0.199528,-1.35466,-0.0684378,-0.404378,-0.288462,0.175176,0.08269,0.919527,-0.980932,-0.798514,-0.122202,-0.580587,0.624236,-0.886248,-0.30221,-0.952275,1.32426,1.50498,-0.116976,-0.173678,0.0524935,0.443418,-0.620224,-2.02691,-0.0887443,2.00644,-0.750469,0.220414,-0.706991,-0.0656886,-0.0583286,-0.726116,-0.61147,0.833759,0.375896,-0.663077,1.24167,0.339509,-1.29223,-0.639863,0.0969597,-0.92231,1.48104,0.774594,-0.677842,-1.31558,-2.97516,0.344167,-0.0060207,-0.0771772,0.191962
8.90652e-06,-1.85657,-1.08058,0.246492,-0.744092,-0.784133,0.343342,-0.546422,0.211671,0.517725,0.885272,-0.537248,-0.821382,0.393128,0.523422,0.466298,0.601771,0.588761,1.76235,-1.66878,-1.85836,0.984777,1.2134,-0.510132,0.915149,-1.20321,-0.108521,-0.0177523,-1.8402,-0.674402,-0.124608,1.1293,-0.675948,-0.465178,1.53763,0.468861,-0.721927,-1.62701,-2.40379,0.382252,-3.16947,0.264509,1.67573,0.114787,-1.63524,-1.83893,-0.333789,0.0588916,-0.305719,-0.430221,1.10589,-0.237326,-0.229257,-0.287097,0.70797,-0.698898,-0.463138,-0.76827,-1.40152,1.52147,0.324621,0.0647539,1.01731,-0.869389
0.406965,-0.419641,-2.20547,1.87317,-1.16315,-0.176353,-0.258511,0.331999,-0.883476,0.836547,0.273252,1.08542,0.583764,0.484679,-0.297372,1.03164,-0.0330725,-0.58555,-0.717914,-0.0596625,-0.628827,0.102272,-0.47724,-1.49589,1.71597,0.277717,-1.23808,0.447245,0.743683,0.572811,2.24571,0.890056,-1.23066,0.118187,0.977167,1.13911,-2.14779,-2.66787,-0.486777,-1.74683,0.0433378,-0.873504,-0.286431,-0.380641,-0.166456,-0.188378,0.622127,-0.671921,0.406082,-0.295045,-0.256481,-0.599026,-0.870777,0.66255,1.49845,2.00832,-2.43814,-0.240457,0.604858,0.935262,-1.73458,1.43689,1.01561,0.218812
-0.7114,-0.468281,1.78668,-0.607416,1.78219,1.33496,-0.565142,-0.968293,1.09172,0.201887,0.4837,0.329543,0.272271,-0.240901,0.334916,-0.120341,0.432381,0.532687,0.10408,-0.772532,0.777082,-1.10069,-0.676006,-0.537608,-1.32177,-0.0339244,0.26868,1.41763,0.234243,-1.5231,0.870056,-1.31675,0.504138,2.39851,-0.567732,-0.152034,0.414642,1.942,0.721823,1.31579,1.10619,-0.425999,-1.1161,-0.714067,-0.522428,0.115986,0.431825,0.61603,1.47655,0.942142,-0.0900742,-0.975199,1.50299,-0.745902,-0.453109,0.20352,0.127362,1.69173,-1.32415,-1.4015,0.834049,-0.888499,-1.03051,2.18625
0.726801,-0.140674,-0.474177,0.916627,0.206944,0.840229,-1.10662,1.70048,-1.59368,-0.205385,1.43842,-0.00678001,-2.25087,0.575788,-0.0103477,-0.750762,-1.07562,-0.726789,-0.454855,0.287568,0.375442,-0.0681324,-0.0779839,0.735426,0.145443,-0.276782,-0.0136521,2.23909,-0.221263,0.272597,-2.04777,-0.206266,0.197259,0.540958,1.57086,-0.183665,0.730687,-0.268003,0.208915,-0.847544,0.643354,0.650156,-1.48601,-0.509437,-0.313172,-0.348744,-2.17283,-1.37098,0.534716,-0.294935,-1.2189,-0.0579367,1.11598,-0.813286,-0.309508,0.825185,-0.697717,1.06235,-0.4988,-1.71505,-0.0587186,-0.450694,0.0188089,1.18044
-0.304664,-1.83309,1.55919,1.40898,0.14055,1.35188,-0.815175,-1.48496,-0.106579,0.389432,0.25777,0.578684,0.297078,0.238905,0.100881,-0.0772688,0.329406,1.36907,0.497011,1.47477,0.92308,-1.1534,0.0351588,-2.20473,-0.0143634,-0.858778,-1.23192,-1.46809,0.902723,-0.402768,1.41897,1.32969,-0.41573,-1.29733,-1.05892,-0.321562,0.710839,2.03396,-1.61346,-0.701639,-0.0921562,0.655923,0.350105,-1.01443,-1.05192,0.577643,0.733081,0.087491,2.11739,-1.54654,-0.692256,-0.287273,-0.763191,1.34711,0.0400063,0.717954,1.40737,1.43995,0.495767,-0.862043,0.0179884,0.455725,-0.935822,-0.982111
0.712972,-1.59793,-1.39968,1.47021,-1.01122,1.19938,1.35899,-1.10216,-0.406603,0.250567,0.352842,0.536222,-0.0586562,-1.68405,-0.674303,0.572085,0.397027,0.576009,0.675434,0.665812,-2.11128,-1.07734,-0.0894543,-0.595332,0.360317,-0.124222,1.59482,2.02399,-0.870171,-1.01778,-1.19217,-1.90374,-1.39931,-1.26163,1.25712,-0.581403,-0.628263,-0.32564,0.924356,0.132025,-0.364622,1.43694,-0.257919,-1.24676,-0.840396,2.06084,0.839068,0.234518,-0.358503,0.606042,-2.149,-0.530405,1.20091,0.611802,1.0939,0.288821,0.622669,-0.0204968,-1.30718,-1.46192,0.0766944,-0.874018,0.69774,0.389614
0.326143,2.05793,-1.03174,-0.891659,1.11509,0.716524,1.74094,2.061,0.736413,0.872672,0.636573,-0.0579776,1.8231,-0.103735,0.347164,0.727767,0.337573,-0.569267,-0.767463,0.206648,-0.594909,1.21914,1.93201,1.3207,0.143368,-0.546218,0.51559,-0.00705691,-0.102558,0.607212,1.88883,-0.612618,-1.302,-0.0935458,0.388015,0.167075,1.55099,1.55505,-0.35189,-0.257379,-0.66874,-0.532668,-0.149978,1.25734,0.563097,1.09388,-1.26466,-3.95034,0.716083,0.186988,-0.441042,0.516687,0.684994,-1.11367,-1.52352,0.534249,1.21234,0.125258,0.208656,1.0946,-1.31757,-2.77506,-0.47353,0.509669
-1.0046,0.832048,-0.267878,-0.436835,-0.316036,-0.0954376,1.88221,0.384597,1.21293,0.324897,0.76611,-1.95274,0.608196,0.705088,1.08492,0.658312,1.74403,0.306385,-0.819671,1.32366,-1.97501,0.6821,-0.369296,-0.507745,-0.418319,-0.0207312,-1.7466,-1.45981,-1.66192,-1.93584,0.653433,-1.16345,-2.51297,-0.422272,0.297975,0.480395,0.236284,-1.5603,-0.173918,-1.24436,1.80779,-1.01648,1.585,1.0591,1.2579,-0.457832,-1.14391,-0.679634,0.0216831,0.0700625,0.268248,0.958706,2.0023,-1.47189,1.37619,-1.22596,-1.1739,0.489475,0.59447,0.959153,-0.436502,-0.864548,-0.682999,-0.647663
0.318658,-0.913179,2.06751,-0.307623,0.280601,1.28977,-0.938276,0.301457,0.854371,-0.20482,0.243298,-0.809045,-0.343389,0.61446,-0.030458,-1.34355,-0.133642,1.04863,-0.688305,-1.04361,-0.630443,-0.720023,-1.4439,0.713712,0.970097,-3.13184,-0.611029,-1.43914,-2.11049,-1.72086,1.68726,-1.47234,-1.48898,-0.407285,-0.107346,-1.1134,-0.0963803,-0.921931,0.156644,-1.46458,0.215806,-0.243755,-1.20621,0.178297,1.06253,-2.0226,-0.590907,-0.100521,-0.65939,-0.0342195,-0.321145,0.3655,-0.241965,-0.830738,1.2108,0.436101,1.04229,0.765649,0.315622,1.31337,0.993647,0.0444934,-0.105407,-0.59442
0.8415,0.715271,1.34668,-0.623342,-0.819091,0.811034,-0.717256,0.533047,-0.497803,-0.0253373,-0.160865,-0.103562,1.22344,-0.597614,0.0855305,1.66853,0.519662,-1.48648,0.319556,0.250492,0.059443,-0.905272,-1.03126,-0.971453,1.05195,-0.754069,1.02664,-0.00163684,1.83417,0.234439,1.79111,-1.49676,-1.24641,1.51805,0.06234,-0.00710162,-1.6569,-1.36412,1.46987,-1.03933,2.28114,-0.164241,0.450834,-0.462086,0.55488,0.249659,-0.778292,0.898527,-1.35318,2.41312,1.25551,0.770035,0.894304,-2.17389,1.06786,0.969202,-0.330641,1.97516,0.835375,1.45159,0.983185,0.240511,0.171949,0.384029
0.423443,0.134009,0.748042,0.439921,-2.23972,-1.50506,-0.145172,-1.2947,-0.236803,-1.47118,0.219136,-1.29551,1.25517,-0.673564,-0.757717,-0.782162,1.28179,-1.28524,1.0048,0.65063,-0.641693,0.447314,0.119619,0.842153,1.15637,1.16524,-0.699376,-0.14778,0.397864,-0.0182181,0.209976,-0.853277,-0.844627,0.753936,0.782202,0.665047,0.500903,-0.446162,0.852949,-1.4972,-0.436849,0.011648,-0.0899307,-1.91355,-0.625493,-0.22644,-0.901107,-0.959531,0.258094,0.118977,0.894941,-0.885256,0.700346,1.20758,-0.267715,-0.130003,-2.02159,-0.862194,0.0979469,1.28305,-0.193824,0.406491,0.882829,-0.156414
-0.321276,0.121694,-0.763099,0.820622,0.355326,-1.51211,0.634733,-1.26383,-0.0802916,1.55228,-1.67925,-1.30104,0.672111,2.4547,-0.795756,0.780474,0.624831,-0.161684,0.470101,0.711277,-0.353783,-0.211089,0.990165,-1.48752,1.0147,0.721281,-0.727954,0.338866,1.25723,-0.279885,-0.616466,1.40322,0.737096,0.562542,2.32952,-0.427914,0.472158,0.124331,-1.14912,0.418599,0.269687,0.134466,0.654277,-0.917176,0.0132426,-1.893,-1.11481,-1.72934,-1.48767,-0.381144,-0.79505,-0.671347,-0.513059,0.636631,0.732218,1.24288,0.365542,1.83111,-0.252346,-1.52643,-2.04693,-1.05603,0.0412686,0.0765819
0.00534033,1.09389,1.54658,-1.97228,1.25956,1.77893,-0.204507,1.10047,-0.479555,-0.704182,0.0942266,0.326531,1.18689,1.05823,-0.0363876,-0.193003,-0.787505,0.620433,-0.404241,-1.43258,1.83357,-0.355519,-1.71381,0.52885,-0.730806,-0.437872,0.618742,-2.6607,-1.72802,-0.775932,-2.28042,1.231,1.24495,0.505843,1.87926,2.42282,0.680682,1.27098,1.2147,-1.58565,-0.527343,-0.623532,0.494963,0.232106,0.630024,1.16833,-0.0249844,-0.532558,0.0615631,-0.0399928,0.207273,2.08506,1.51015,-0.512052,-1.73924,1.34685,0.543495,-2.12771,0.583936,0.723283,-1.30419,0.00454845,-0.812483,-1.18142
-1.88123,0.0620643,0.0271464,-0.302369,-2.59872,-0.881284,-0.749475,-0.0110381,0.529819,0.286097,-1.42866,-1.27843,0.550722,-1.11206,-0.392998,0.187521,1.68884,0.0687212,-0.501587,-0.444167,0.931949,0.114555,-1.81019,1.38866,-0.228718,0.633438,0.716902,1.00663,1.05119,0.396516,-1.20727,0.0104008,1.88384,0.638802,-0.178498,-0.601747,-0.264696,0.721288,0.659211,-0.364468,-0.70835,-0.505731,-2.08997,-0.487805,1.58296,0.740077,-1.31936,-0.157013,0.47281,1.27897,0.0615198,-3.82941,0.0956073,-0.912102,-0.463819,-1.20019,-0.784483,-2.05066,1.10064,0.665488,-0.439784,0.0945543,0.144993,0.457504
-0.960656,0.0844364,-0.275477,1.40055,1.20087,-1.22284,-0.110319,0.742021,2.31609,-1.37349,-1.2748,-0.171317,0.18603,-0.104828,1.45507,-1.20413,0.0656053,-0.794679,0.129717,0.391119,-1.13993,1.9093,0.755232,0.0636108,-0.443619,-2.07973,-1.01261,-0.0725041,0.546003,-1.37371,-0.699855,-0.422544,1.08917,2.31345,0.622095,1.18673,0.360911,0.484661,0.623393,-0.114509,-0.497083,-0.531427,-0.609261,1.76727,0.0171756,-0.864566,-0.0765972,1.2517,-0.06948,0.736958,1.42106,1.6957,-1.09925,-0.0996666,-0.725775,-0.391307,-1.26461,-0.242507,-0.493329,0.231571,1.21664,0.342136,-0.0143511,-2.22907
0.679464,-0.659696,-0.79256,0.723307,1.34515,-1.45606,-0.919768,-1.76094,-1.25187,-0.393589,-1.32972,-1.07428,1.73583,1.04497,-0.524777,-0.718636,0.370268,-1.65937,-0.776835,-0.677411,0.937881,0.666359,-0.447619,0.667494,0.265176,-0.479849,-1.10626,1.45106,1.50878,-0.493589,0.662958,0.1106,0.35786,1.87434,1.73901,-1.18677,-1.29636,-0.437019,-1.16692,0.397282,0.260126,-0.786837,0.335204,0.936573,-0.847031,-0.203011,-1.37915,0.176225,0.783952,0.5981,0.892004,1.39507,-2.05187,0.172306,-0.0436765,1.40964,-0.264963,-1.65444,0.627789,2.11582,0.893594,-0.454884,0.188323,-0.502185
0.467884,0.0468171,-0.978902,0.0264661,-0.280585,0.101563,-0.366361,0.0953801,0.0463908,-1.96855,-0.373968,-0.658076,-0.0332569,-0.434843,0.692823,0.288606,-0.230688,0.813272,0.909597,1.73198,-0.782608,2.19279,-1.68965,-0.125686,-0.921172,-0.565258,-0.284649,0.597814,-1.36425,-0.932584,0.0218554,0.271525,-1.0134,0.680269,1.22813,1.41924,-0.402613,-0.784727,1.37054,-0.929407,-0.0250493,1.0324,-0.554022,-0.650388,0.689813,-1.95246,0.963225,0.176412,1.03987,-0.201777,0.394689,-0.733077,-1.40806,-0.548429,0.663415,0.540464,0.359939,-1.51162,-1.43669,1.88925,-0.698815,-0.117101,-0.611358,-0.396683
1.00645,0.207399,0.281625,0.87718,0.927808,-0.152982,0.895553,0.527073,-0.736473,0.109756,-0.688941,-0.157185,-0.301474,0.130856,-0.267772,-0.813437,0.194995,-0.080239,-1.94641,1.0664,0.958686,1.27433,-2.98276,0.314598,0.362032,-1.41358,-0.590407,-0.142673,-1.8697,0.804592,0.909537,0.185496,0.0472968,1.53572,-0.635121,-0.0882496,-0.232558,0.269094,-0.0169881,0.115813,0.393307,0.387059,-0.785631,1.15477,-1.93631,-0.151203,-0.988985,0.853285,-0.70102,-0.0519035,0.150552,-1.27332,0.253332,-0.636618,0.0473381,-0.0235324,0.644769,-0.428118,-1.10791,0.276227,2.02959,1.10948,-2.41826,1.02581
-0.0597924,0.244922,-0.955597,1.34584,0.628289,1.03371,0.363809,-0.525747,-0.0881236,-0.0392944,-0.39527,-0.865792,-0.893021,0.16762,-0.905627,-0.318357,1.10365,-0.858292,1.60053,-0.249647,1.22737,-0.0547465,-0.0129754,0.12487,0.755072,-0.314815,-0.801507,-0.583395,-0.0254502,-0.874244,-0.7071,-1.66086,0.492727,-0.230741,-0.634977,1.08846,0.237586,0.540626,2.1167,0.785167,0.137721,-1.50025,1.70615,1.39616,-0.897401,-2.10321,0.557514,-0.664415,2.13064,-1.40393,-0.0552206,-0.518532,1.03004,-0.680688,0.34769,0.517294,0.403502,1.36213,0.506446,-1.96507,0.366226,-1.31789,0.0121748,0.463567
0.0510098,-0.329899,-0.668875,1.07114,-1.85592,-0.860634,-0.0713517,0.717043,0.0798661,1.88522,0.0432026,2.303,-0.380419,-0.956815,0.139648,0.1495,-0.940913,0.600025,-1.21543,-1.01997,0.953363,-2.51645,-0.441654,1.40259,0.643966,0.00147127,0.107081,-0.854808,0.55463,-1.12199,1.82365,-0.724662,-1.24014,-0.895917,1.16931,0.251624,1.11359,3.17465,-0.224078,0.0160811,-0.24783,-0.579668,-1.92036,-1.50317,0.0732421,-2.10019,1.10529,2.06504,-0.686679,-0.336582,-0.943608,0.826058,0.510694,-1.23224,-0.151017,-0.829395,-0.715557,-0.870124,0.838581,0.902976,-1.29928,0.402554,-1.1781,1.02302
-1.81737,-2.31642,-1.35954,-0.297396,-1.03593,-0.0617903,-0.23659,-1.50811,-0.181085,2.39149,2.58544,-0.394815,-1.72221,-1.53712,-1.4939,0.470284,2.01188,-1.05806,-0.234247,0.266639,0.921704,-0.272581,-0.350761,2.15971,1.59816,0.075528,-1.33836,1.02768,1.47997,0.801194,-0.106533,1.56777,0.950376,-0.28323,-0.212265,0.538184,0.480684,-2.32963,-1.44107,0.126121,-0.589743,-0.126118,0.915424,-0.00851032,0.687277,2.26592,-0.833654,-0.419459,0.317559,-0.456263,0.981335,-0.768364,-0.345027,1.82306,-0.463277,0.659392,-2.05242,-0.736778,-0.325315,1.19246,2.19194,0.297338,-0.0522858,0.637446
-1.7982,0.627955,-0.720956,0.53827,-0.762284,-1.78894,0.488205,-0.00987394,-0.366874,0.471932,-1.63641,-0.950484,0.222483,0.319536,-0.746384,-0.732156,-0.594048,-1.47362,0.336641,0.93523,2.17419,0.633245,0.8808,0.883007,-1.32801,-0.45744,0.351299,0.861204,-0.473526,-2.50144,0.582042,0.175242,0.0937384,0.58824,0.534285,-0.361856,2.23696,-0.622145,-0.0778449,-0.569883,1.878,0.146713,-0.0157124,-0.785972,-0.613104,-1.08843,1.16836,-1.16086,1.89753,-0.856338,-0.227689,2.60872,-0.378541,1.21251,-1.29514,-0.0251061,0.0715182,0.327994,-0.0181363,-1.04911,-0.790159,-1.07894,-0.110581,-1.32282
-0.507691,-0.0337006,-1.345,0.602204,-0.0398489,1.58614,1.23965,-0.476641,0.635631,1.74218,0.637209,1.48916,-0.321067,-0.937617,-0.595437,-0.370066,-0.379754,-1.1698,-0.445614,0.00873684,0.0470192,-0.957009,-0.80425,-0.113501,0.979536,1.7563,1.47634,0.49008,-0.324252,0.0331288,1.71184,2.40266,-0.786552,-0.151126,-0.130058,-0.165135,-1.1215,2.6121,-0.400606,2.71596,0.973126,-0.17965,0.254616,0.574134,0.0572314,-0.392929,0.211877,0.19458,-1.62665,0.35475,1.01779,-0.946593,0.161443,-0.417438,0.735378,1.59103,-0.948869,0.341419,1.34808,0.29539,-0.570337,1.11272,1.05204,-2.7382
0.390477,-0.290747,1.45097,-1.21182,-2.12968,-0.415351,0.460138,-0.344234,-0.642951,-0.42774,0.447018,-0.0835999,-0.845392,-0.713487,-0.0703111,1.61362,0.513206,-0.467407,-0.426155,0.688093,-0.122571,-0.811739,-2.2167,-0.314459,-0.0837004,0.0744175,1.10536,1.19776,-1.63842,1.92615,-0.720008,-0.892174,-0.743505,-0.0561676,0.476881,-0.145283,0.534543,-2.27778,-1.77298,0.637698,-0.53679,0.720417,0.268192,0.636321,0.931869,0.404248,2.32921,0.542631,-1.7496,0.402402,0.51376,1.99349,-0.0866928,-1.23547,1.74468,0.401113,0.213551,0.17426,-1.78449,0.6295,0.453808,0.560587,0.490947,1.14105
1.21479,0.00188884,1.47199,0.587565,0.224223,1.04612,-0.515809,1.81107,0.530925,-0.0141744,2.198,-1.33268,-1.39526,0.188934,-0.0116767,-0.247371,0.95878,-0.127503,-1.32684,0.0462213,-1.3883,-0.130883,0.369347,0.910465,0.458122,-0.797259,-0.918716,0.0694575,0.5742,0.895912,0.184247,0.494889,-0.182751,1.17515,-2.30889,1.2475,-1.50074,0.193111,1.2944,0.574923,-0.388528,1.06286,0.451344,0.548202,-1.15973,0.347903,1.138,-0.738016,1.70452,-0.595154,0.0811551,-0.473945,-0.264261,0.7359,-1.25624,-2.26622,0.417831,0.640796,0.524643,0.114469,0.384734,-1.88085,-0.30743,0.362592
-0.5619,-1.034,-2.30102,1.29381,0.981407,-0.0675387,1.02873,2.78993,-0.0569504,-0.241938,-0.0622325,0.0322608,1.47845,0.532086,0.584701,0.923338,-0.692813,-0.534901,0.751972,-0.239464,-1.27596,1.07261,1.23086,-1.90283,0.546164,1.54906,1.44625,-0.257726,-0.409606,0.839928,-1.63755,-0.876871,-0.16964,0.820883,0.523544,1.19196,-2.33525,-0.292773,0.119085,-0.0765403,-0.947717,1.77658,-0.455137,-0.466919,-1.1156,1.25272,0.28284,1.59098,2.32322,-0.656779,0.215033,-0.355333,-0.588809,-1.85914,0.228542,0.111586,-0.167806,-0.374674,-1.60527,-0.123376,0.595317,1.32892,-0.728142,-1.47815
-1.77319,-1.19344,-2.06486,-0.237923,0.404111,1.61206,-1.35181,-0.570846,-0.636565,0.0302781,1.32699,-1.11631,0.66257,-0.481775,-0.194617,-1.21512,0.60975,0.815198,0.321144,-0.381128,1.09786,-1.15929,-0.62402,-2.19272,0.0533994,-1.75259,-0.568137,-0.406732,0.320581,-0.47711,-0.0180547,0.477318,-0.878702,1.05748,0.720647,-0.636384,-0.260499,-0.735581,-0.205676,-1.06986,-1.38903,-1.36756,-0.466989,0.893141,-0.070105,-1.91221,-1.68691,1.45372,-2.52792,-0.300851,0.506716,-0.0911308,-1.73291,-0.487595,0.585119,0.0121858,0.319837,-1.39473,-0.608724,-1.12355,-2.60821,-2.01694,-0.495787,-1.40153
0.713279,1.0142,0.533377,-0.86587,2.14206,-1.03434,1.11051,-0.772882,-0.794992,0.116165,-1.74414,-1.09788,-1.36004,0.694039,1.28054,0.700829,-0.357228,-0.0782316,-0.501357,-0.734714,0.99547,0.111392,-0.344221,0.745657,0.143732,0.526268,-1.61522,-0.730821,-0.262542,-3.64903e-05,-2.13467,-0.41389,-1.88414,-0.00465056,0.174155,-1.21501,-0.120161,-1.56069,-2.36634,1.80938,2.0581,-0.688548,1.06883,0.913909,-0.294777,-0.405332,0.0232495,-0.485032,-2.10722,1.13828,-1.16402,0.934707,0.311074,-0.544936,0.251363,1.1413,0.777724,0.798074,0.554332,0.418258,0.91328,-0.226655,-0.861755,-1.34715
0.391904,0.686108,0.681803,0.816706,0.396757,-0.193252,-0.524685,0.177027,-1.73301,0.604664,0.368409,1.10408,-1.4084,1.19656,-0.165107,-1.01742,-0.403328,-0.798113,0.547815,-0.655319,0.591483,0.598302,-0.268907,-1.01397,-0.796345,-2.22203,-1.0199,-0.491808,1.28907,-1.19017,1.17194,-1.12113,0.20536,-0.931523,0.295446,-0.93658,0.250038,0.217253,-0.157142,-0.0200066,-0.407116,1.00497,0.762375,-0.060159,-0.464972,1.14164,-0.712697,0.492972,-0.975158,-1.34574,-1.22379,-0.0199369,-0.417132,-0.497522,-1.29708,2.52399,1.49145,-0.569303,1.55166,0.995213,0.521847,0.625185,0.245651,0.136809
-0.0304382,0.694009,-0.972642,0.0802455,0.225272,-1.18836,-1.60277,-1.36196,0.671781,0.358755,-1.64093,2.00189,1.56195,-0.0667334,-1.04359,0.259139,-0.542392,-1.45631,-0.799654,-1.76495,-0.194047,0.694509,0.315681,0.945919,0.754669,0.306374,-0.247214,0.40976,-1.06573,1.43343,1.24769,-1.79852,-0.759528,0.158372,1.61806,-0.794209,1.52511,0.372204,-0.907019,0.413605,0.808349,-1.90424,0.159059,-0.237334,0.173476,-0.0541542,0.161318,0.465125,1.13577,0.762591,-1.69154,0.474197,-0.585894,1.12679,2.08678,0.24988,0.359664,1.7973,1.38661,0.258004,-1.98143,-1.00381,-1.55408,-0.423906
0.407342,-0.139172,1.2699,2.66003,0.422389,-0.960461,0.644983,2.28352,1.45098,-0.0267804,0.198533,-0.360439,1.08692,-1.11048,-0.502193,-0.288313,-1.93796,-0.359423,0.592819,-0.773126,0.55699,0.398217,-1.97535,1.52992,-0.700004,-2.42666,-1.84669,0.480211,0.0360662,0.914249,-0.0452002,-0.836034,0.403536,0.607374,0.349361,-0.439043,0.7201,-0.25942,-0.0323509,-0.440204,-0.848822,0.308598,-0.993269,0.280644,0.402634,1.74807,-1.83097,-1.03249,0.664044,-1.98018,-0.589472,0.817367,-0.839337,1.32227,-0.328928,1.66146,2.13304,0.251758,0.666081,1.83422,-0.718907,-0.344415,0.0706057,0.82307
0.56029,-1.21438,-0.00307938,0.290205,-0.273696,0.535921,-0.715136,-0.571422,2.13794,-1.20205,-1.43334,0.423509,0.046794,-1.20696,-0.130975,0.920204,1.1414,0.122099,-0.183785,-0.573191,-0.293792,1.00282,0.16288,-1.04701,0.398773,-1.65221,0.992448,-0.333428,0.14598,0.47676,0.814564,-2.40341,-0.991677,-2.02791,-1.92598,1.75459,-0.589995,2.97177,0.159224,-0.194697,0.0537377,-0.780565,0.531673,0.315004,-1.18806,0.469938,-0.285257,1.7374,0.622675,0.686935,-0.385977,-0.606981,-1.48174,1.6284,0.492079,-0.468862,1.09716,0.0208729,-0.96288,0.159053,-0.00910359,-1.44367,0.14954,0.697996
0.46676,0.468109,-1.01811,1.00887,0.894573,-1.19728,-0.375069,0.48639,0.924432,0.0547455,0.56628,-0.744612,-2.07442,-0.303022,-1.12048,0.642814,-1.13063,-2.0582,-0.844542,1.24839,0.395985,0.323959,-0.223982,2.3585,0.779788,0.425144,0.221042,-0.633499,1.15777,-1.16686,-1.19099,-0.514938,-1.13587,1.00802,-0.249245,-0.879852,-2.46782,-0.252492,2.74515,1.72495,-1.08703,0.106273,1.51067,0.483227,-1.25263,-1.56364,-0.375403,-0.240486,0.284027,0.387151,0.0975241,-1.43427,-0.63392,0.545308,-0.939593,-0.164405,-1.10635,-0.215931,-0.329947,-0.22846,1.64243,-0.752247,-0.752972,-0.877331
2.20689,-0.765137,-1.11548,0.678051,0.960216,0.180135,0.0624551,-0.269505,-0.212325,1.65853,0.911086,0.301124,1.07148,-1.52046,-0.944075,-0.659064,-1.20099,-1.97856,-0.520966,1.42077,1.04793,-0.542417,-1.53517,1.56128,0.0245291,-1.03019,-0.647676,-0.633315,0.266833,-0.099963,0.3503,-0.379361,0.254146,-0.811923,0.443044,-0.795235,0.392467,-1.69088,1.33576,-1.40863,1.84663,-0.397479,2.1071,2.84112,-0.219367,0.231161,-0.348776,0.311527,-0.0249461,-0.489573,-0.427488,0.0704751,-0.728135,-0.995389,1.57868,1.12613,-0.683112,-1.39206,-2.69185,0.124304,-0.0146635,-0.228319,0.000863859,-1.5809
-0.974194,0.902701,-0.313023,1.60127,-0.44877,-0.542033,0.161409,0.766783,1.04816,-0.275329,1.27694,-0.853938,-0.066275,0.0525285,0.327369,1.9983,1.40838,0.717909,-0.983344,-0.175044,-1.19915,0.98294,0.221248,0.098893,0.149164,1.23754,-0.623049,-1.11748,-0.167987,-0.415793,-0.391407,-1.81831,1.15721,-0.382165,-0.692157,0.848958,-0.992856,0.0306298,-0.579681,0.508853,0.634987,0.5445,-1.53939,1.15009,-0.583098,-0.804204,-0.00347423,0.555184,-0.403247,-0.553768,-0.0302423,-0.580006,-1.08845,0.837348,0.863025,0.29677,-1.39716,1.06612,1.51183,1.43418,-0.286212,-1.60599,0.169332,0.77142
0.244496,0.446489,1.14602,1.26931,-1.12325,1.68122,-0.325721,0.0360781,0.455211,-0.254723,1.24065,-1.14254,-0.579118,0.0102818,-1.42425,0.189277,0.201625,1.14742,0.458036,1.17469,-0.627079,-1.39268,0.429802,2.45282,1.01975,-0.259374,-1.34978,1.69884,0.753212,0.11672,-1.72466,0.0562703,-0.311406,-0.162529,-1.32703,0.479975,-1.5625,0.218855,2.44177,1.74725,-0.953451,0.0573237,1.51665,0.998638,3.5866,0.302395,0.731257,-0.934285,-0.0930419,-0.881336,-0.917613,0.082279,-1.48161,1.08025,-0.262428,-1.17513,-0.405228,0.292992,-0.278472,-0.0143627,0.493764,-0.605813,-1.08754,-0.0618033
2.19936,0.301716,1.13417,0.50294,0.0571747,-1.53357,0.961457,-2.32416,-1.57461,0.481906,1.3615,-2.23215,0.398548,-0.475142,-0.133001,0.401442,0.735058,-1.05416,-0.352843,-0.161029,-0.494943,0.0567707,0.664434,-0.906869,-0.158019,0.0343569,1.86354,0.54309,-0.828709,-0.0384608,3.10248,0.82985,0.0402684,-1.63271,2.08711,-1.03412,0.922848,0.473891,-0.638261,0.311538,-0.101825,2.04434,-1.61023,0.177173,-1.19987,0.391054,-0.796729,0.217313,-0.484051,-0.498185,0.484798,-0.484296,1.9837,0.730526,0.0736178,-0.86582,0.12605,-0.887315,-0.693093,-0.290832,0.439858,0.77509,0.512288,1.02208
-1.98458,1.25628,1.96537,-1.98482,-0.832138,-1.97386,0.792651,-0.0908038,-0.51573,-0.0491684,-0.28272,0.905257,1.18257,0.305509,-2.08685,1.22233,2.09485,-1.02459,-1.33282,-0.00623421,-0.257152,-0.487094,-1.64847,-1.55921,0.532457,-1.65442,-0.0305569,-0.450326,-0.548081,-0.364644,-0.868312,-0.756113,-0.0942995,0.239443,0.127209,0.449535,-2.16008,1.2299,1.31326,-2.22397,-0.311599,-0.925434,2.31627,0.944167,1.38244,0.180463,-1.52135,-1.50158,-1.43281,0.710085,-0.634761,-0.251442,0.0717219,1.13558,-2.11527,0.952636,0.44433,-0.0852547,0.324326,-1.89568,1.3658,0.263975,0.18231,-0.479461
1.35893,0.206321,-0.0565766,-1.0108,1.06746,-0.957078,0.109241,-0.326907,-0.372392,-0.657816,-2.33537,-0.163797,1.03204,0.610733,-1.2155,0.54905,0.137051,-0.425656,0.064645,2.14614,1.09975,-1.16078,-0.763244,0.342296,0.519239,0.0915232,1.52964,-1.22983,1.3864,2.76142,0.907616,1.50927,0.0671778,-0.173771,-0.477772,-0.769038,0.597715,-1.53031,1.89559,1.44357,0.647829,-0.00684853,-0.0185839,-0.529721,-0.896684,0.965481,-0.395821,0.522336,0.558917,-0.947296,0.798205,1.18702,-1.7609,0.762843,-1.03114,-1.32387,1.3515,0.397607,-0.659425,-0.659534,-0.716448,0.71032,-0.611207,0.747035
-0.348325,0.12435,-0.725819,0.63845,-0.647617,0.665104,0.567283,-0.482602,0.623301,0.695624,-0.941868,-2.12037,0.107872,-0.958286,0.476449,0.484102,-0.429367,-0.811414,-1.48353,-0.582869,0.409934,-0.576823,0.282803,0.526586,-0.282147,0.048014,-0.807172,0.598761,-1.66128,1.4065,0.170086,-0.843592,1.6605,1.35092,-1.11114,-1.27594,-0.567416,0.153352,-0.034371,-1.10823,-1.01949,0.925021,-0.520792,0.179301,0.277924,-0.65198,0.291774,-0.280965,1.28142,-0.0420322,1.06007,0.223398,-0.317352,0.0230767,1.18394,-2.3869,1.14509,0.436919,0.172063,-0.905418,1.82362,-0.469768,-0.970244,-0.869082
-0.84114,-2.86821,-0.802329,-1.08365,2.22669,0.840417,-0.540284,0.278849,0.0943725,-1.51554,-0.893106,-0.0158637,-1.38063,-0.395528,-1.148,0.0973566,0.144889,0.132738,0.195766,2.61149,-0.907045,-1.04362,-1.30215,1.18043,0.742984,0.488784,0.274096,0.441671,-0.449692,-0.298107,1.00929,1.51488,1.21301,0.0882859,-0.0589648,-0.322152,-0.171766,0.706265,0.0305968,-0.356195,-0.422685,1.45596,0.656547,1.19696,0.0943001,-0.502222,0.141518,-0.299655,-1.10268,-1.01119,0.164236,1.73441,0.729207,-1.35336,0.363151,0.537433,-0.82957,2.07569,-0.936671,0.559551,-0.160293,-2.16937,-1.19799,0.457303
-0.734085,-0.197663,-0.460904,1.177,-1.46559,1.08544,1.17027,0.407048,0.399597,-1.27874,-0.0890101,0.319025,0.295354,0.0356798,-1.29336,1.01123,-0.386521,-0.0980414,-1.1116,0.0852446,1.03664,-0.102396,0.570964,-0.393735,0.872898,-1.31206,0.00122825,0.0440798,2.11958,-0.634891,-1.47529,-0.944123,-0.870693,-2.67166,-0.664002,-0.613495,1.96983,-0.235377,-0.0906717,0.441754,-2.51648,0.704818,1.56996,0.382555,0.823028,0.635575,-0.532935,-0.270962,0.515312,0.928687,0.0317572,2.19065,-0.944967,-0.320474,0.561591,0.389567,1.06279,0.0506636,-0.044001,0.64825,0.354308,0.055434,-0.412985,0.329615
-0.286734,-0.79141,-0.555193,1.4294,-0.293474,-0.800249,-0.9184,-1.14154,0.295924,-1.72337,-1.4843,-2.62377,-1.90166,0.31122,0.675797,-0.655436,-0.380155,0.12417,0.961421,-0.657947,1.47852,0.052796,0.175605,1.98924,-1.38887,0.827392,0.485245,0.380568,-0.802036,-1.09762,-0.380104,0.279026,-0.37717,-2.74241,-2.39498,-0.725279,0.950448,-0.161551,1.13305,-0.0643677,0.706375,-0.293436,0.648542,0.824726,0.508256,1.95532,-0.132657,-0.0197231,-0.486019,-0.735675,-1.01642,0.713866,-0.618524,2.52701,1.31979,-0.565506,-0.402409,0.131223,0.480233,0.62566,0.876525,-0.323062,0.971261,0.750442
-0.523275,0.933036,-1.77724,-1.81264,-0.248462,0.854636,0.380736,-0.0260254,0.961728,0.0846923,0.164676,-1.84168,0.110017,0.894309,0.0306116,-2.21367,1.27208,-0.351473,-0.348202,2.66755,-0.293942,1.52314,1.31004,-0.298037,0.874521,-2.12978,1.87718,-0.3438,0.264398,1.09282,0.494942,-0.756392,-0.0934582,1.11836,1.53465,0.607971,1.31121,1.59617,1.13293,1.29586,-2.28592,-0.964743,0.161027,2.49195,-1.37865,-0.236871,0.301346,1.08983,2.45588,-0.218721,0.231492,-1.24269,1.04655,-0.70631,-0.352387,0.385231,-0.872031,-0.641179,1.74741,2.34072,1.00906,0.95417,-1.1207,0.523144
-1.05587,0.385383,0.368948,1.05599,-1.16008,-1.12561,0.580891,0.162101,-1.03234,0.686529,-1.12081,0.523286,-0.674783,0.931164,0.110929,0.668316,0.12284,-0.0416786,-0.342774,-0.167007,-0.334675,-0.126055,1.00909,0.082885,0.543123,-1.45937,0.80652,-0.0958795,0.139033,-0.981968,1.35499,0.764898,-0.944996,2.20894,-0.718123,1.11749,0.74338,2.22682,1.49689,0.959662,0.0374534,-0.306179,-1.75758,0.923503,-0.120578,0.970829,-0.905717,0.991929,0.731897,-0.844134,1.19027,0.504142,0.37839,1.15452,-2.33564,-0.972721,-1.08661,0.185275,-0.50455,-0.1093,-0.954975,0.542254,0.478105,-0.298887
1.13865,0.792529,-0.163343,0.503837,0.942937,-0.508856,1.22317,2.15732,0.720582,0.787733,0.304716,-0.727556,-0.78043,-0.398379,0.811299,1.67325,-0.00421651,0.0947108,1.45292,0.0884994,0.0132563,0.908211,-0.0851144,-0.371648,0.153142,1.24153,-0.686953,-0.0755081,-2.51842,3.90434,-0.292373,0.167815,-1.16078,-0.0668201,0.667718,-0.26312,-0.212073,0.880353,2.23446,1.00796,-0.341166,0.344183,-0.753156,0.42931,0.108163,-3.01253,0.489833,0.849962,-0.865675,-0.492059,-0.345897,-0.72097,-0.116408,0.911457,-0.329277,-0.230627,-0.0251538,0.182316,-1.32461,0.896364,0.0397751,0.483892,-0.880699,0.84606
0.582661,-1.77257,0.874265,-1.5688,-2.09912,0.190493,0.884074,-0.640765,-1.36652,0.748436,-0.0325056,0.0639555,1.01392,-0.946353,-0.534772,0.252902,0.0551014,0.208344,-0.0256927,0.908369,0.252511,0.132947,0.28813,1.80512,1.27798,0.580552,-1.8939,-0.460422,-0.251368,0.0674298,-0.0812959,0.723592,1.4299,0.820167,1.14017,-0.375567,0.615106,0.925616,1.63646,0.535448,-0.694548,-0.0394459,-1.4007,-0.46521,0.268463,-0.939984,-1.37155,-1.04919,1.67065,1.3863,1.61222,-0.54151,0.922126,-0.761879,0.0363511,-0.685251,0.790534,-0.690127,-2.12739,0.26539,1.01521,0.0945229,-1.17228,-0.520619
-1.39686,-0.85583,-0.834123,0.396438,1.42486,0.172093,0.349538,0.452182,2.30849,-1.38949,0.801161,-1.10787,0.575069,-0.142957,-0.791165,-0.538119,-1.19355,-1.31908,-0.629193,-1.30613,-0.03733,0.963142,-0.194794,-0.538926,0.553598,-1.92121,-1.48876,-0.0548047,0.226998,-0.798872,-0.368281,0.677984,0.889534,0.630717,0.0546149,-0.57538,-0.330261,0.981178,-0.626729,2.002,-1.31715,-2.49553,-2.04907,0.698188,-0.639311,-0.242257,0.796196,0.559476,-1.08483,1.34955,1.33689,-0.0684445,-0.965201,-0.619054,0.788196,0.25165,-0.282854,1.24519,1.7483,-0.755049,-0.0499032,0.579104,-0.601582,0.0572877
0.181973,-1.01834,-0.470376,0.879731,1.61146,1.25146,-0.591336,1.4726,-0.692493,0.441972,-1.56965,-0.148834,-0.878184,0.707145,1.21572,1.54682,0.0511225,-0.0594224,1.1253,1.21218,2.28968,0.226707,0.534305,-1.38239,1.95541,0.666303,1.36496,-0.557061,-0.662269,0.351752,-0.673188,-0.25944,-0.753352,-0.552187,0.937418,0.0534157,-1.04156,0.053246,1.68077,-0.374307,1.46209,0.558024,-0.794577,-0.412315,-1.01696,-0.523644,0.660474,-0.473023,0.863893,3.0168,-0.142602,-0.677323,-1.39814,-0.268946,0.00377163,-1.34813,0.561414,0.495632,0.169611,0.283445,0.136737,-0.0254059,0.101448,-0.0940375
0.33612,0.575032,1.56253,2.4733,-0.36583,-1.20097,-2.99389,-0.81636,0.408626,0.954388,-0.163005,0.908011,0.207003,-0.136566,0.14768,-0.0502066,-1.27789,2.46134,1.62522,-0.0523859,0.563677,-0.849473,0.339402,2.02513,-0.521633,1.89834,0.441785,0.109822,-0.172752,1.75347,0.903207,-0.726004,-0.0971128,-0.443724,1.18158,-1.66294,1.50699,0.839069,-0.757066,-2.43089,-0.149046,0.198336,-0.52965,-3.03748,-0.678013,-1.02813,1.19453,1.22757,-0.80361,0.688049,1.85345,0.887222,-0.478675,1.2129,-0.369012,2.61175,0.354407,-0.401935,1.64874,-0.236263,-0.340878,-1.1661,-0.979726,0.0949795
1.13399,-2.29525,-0.821017,0.624147,1.01777,-0.252551,1.18614,0.830959,-0.642661,-0.587125,0.306229,-0.587895,1.73991,0.646501,-1.89393,0.59612,-1.27475,0.940248,0.581328,0.643399,0.226536,-1.40502,-1.07626,1.40023,-0.412403,-0.295972,1.11821,0.47641,0.71409,-1.53635,1.05523,1.67747,-1.10863,-0.789168,-1.22662,-3.32322,-1.01827,-1.08864,-0.527237,-1.24958,2.02075,0.554099,0.700451,0.721575,2.03949,0.189602,0.128059,-1.9972,1.12357,1.0864,-0.111096,-0.215921,-0.0782967,-0.554992,1.19468,1.38398,0.680268,0.0455316,-1.51037,-1.65011,1.11238,1.16734,-0.178935,2.70023
-1.12532,-0.450497,-0.463549,-1.18519,-0.461251,0.422618,-1.0477,-0.272694,-0.0649647,1.01368,0.384778,0.175434,-1.43816,-0.215288,-1.48959,-0.592922,-0.099899,-0.250984,-0.511698,-1.08138,0.0163928,-0.765884,-1.1867,0.491848,-0.394678,0.823042,-1.28015,-1.23351,1.41374,-0.398713,-0.0835697,-0.827122,0.616826,0.117402,-0.980961,-1.87046,0.110147,-2.73044,-0.66195,-0.641446,-0.730787,1.23812,0.397076,2.15303,0.343858,-0.0938806,1.51798,-1.01386,0.226845,0.6251,0.90463,-0.229224,-0.706779,-0.536023,0.754735,-0.649022,-0.408041,-0.819934,0.861582,-0.481881,0.922938,0.954832,-1.23364,-0.505614
-1.477,-0.392419,0.881971,0.0375357,1.86327,1.52339,1.66709,0.871615,-1.75226,-0.362275,0.0897899,0.265925,-0.337385,-1.49759,0.454421,-0.805188,-0.157687,-1.06939,-0.722335,0.10825,0.139783,0.559095,-1.16004,-0.632425,-0.955067,-0.366336,0.551425,-0.683824,-0.055095,-0.464858,0.209231,-0.750657,-1.05557,-1.60952,1.8654,-0.11677,0.550579,-1.32625,-0.498534,-1.29677,-0.532634,0.314677,-1.48844,0.478956,-0.0770286,0.373833,-0.902362,-0.632719,0.634534,1.53173,-0.172901,0.298425,0.0332925,-0.173536,1.63922,0.944873,-0.276487,0.211182,3.00155,1.00288,-0.307189,0.47734,0.880878,0.438594
-1.40194,0.295885,3.04941,0.730846,0.122987,0.49655,0.218143,-0.0616834,1.24515,-0.321587,0.0448929,0.8468,0.876997,0.281078,-1.18144,-0.255363,-0.361487,0.400272,-0.398578,0.643777,0.615269,0.253437,0.0209209,1.98923,-0.331097,2.18119,-0.62579,-0.43994,-0.993559,-1.69367,1.78391,-1.97311,-0.316729,2.22176,-0.093128,1.68449,-0.356082,2.02564,0.351509,0.414703,-1.1839,0.450912,0.0536521,-0.158226,-0.20414,-0.199252,0.28139,-2.2264,-0.269204,-0.313376,0.716469,0.521715,0.73565,-1.66097,-1.59555,-1.26926,-0.935702,0.190271,0.908111,-0.0917187,0.988111,-0.71653,1.17267,-0.414406
-0.910142,0.722687,2.03196,-0.527225,-1.68259,0.00584445,0.0588302,0.350816,0.775348,0.341426,-0.31511,0.226303,0.248938,-0.243267,1.24268,-1.31845,-0.307256,-1.60891,0.114207,-1.72814,1.9692,0.0617177,0.0446743,-0.315091,0.636766,0.167776,1.4056,-1.31232,-1.68403,-1.97829,1.47692,-1.21806,-0.446638,1.56618,-0.624032,1.29643,-0.462115,0.263615,0.329203,-0.692623,0.0746404,-0.683983,1.46012,1.03267,-0.0116528,0.210016,0.376569,-0.543676,0.830895,1.5887,-0.471593,-0.269209,-0.592994,-0.163125,0.123229,0.390842,0.347593,-0.163734,-1.30602,-1.8099,-0.20399,1.05424,-0.805357,-1.16658
